<?xml version="1.0" encoding="UTF-8" ?>
<!DOCTYPE mapper PUBLIC "-//mybatis.org//DTD Mapper 3.0//EN" "http://mybatis.org/dtd/mybatis-3-mapper.dtd" >
<mapper namespace="com.imooc.mapper.ChatMsgMapper" >
  <resultMap id="BaseResultMap" type="com.imooc.pojo.ChatMsg" >
    <!--
      WARNING - @mbg.generated
    -->
    <id column="id" property="id" jdbcType="VARCHAR" />
    <result column="send_user_id" property="sendUserId" jdbcType="VARCHAR" />
    <result column="accept_user_id" property="acceptUserId" jdbcType="VARCHAR" />
    <result column="msg" property="msg" jdbcType="VARCHAR" />
    <result column="sign_flag" property="signFlag" jdbcType="INTEGER" />
    <result column="create_time" property="createTime" jdbcType="TIMESTAMP" />
  </resultMap>
</mapper>