<?xml version="1.0" encoding="UTF-8" ?>
<!DOCTYPE mapper PUBLIC "-//mybatis.org//DTD Mapper 3.0//EN" "http://mybatis.org/dtd/mybatis-3-mapper.dtd" >
<mapper namespace="com.imooc.mapper.UsersMapper" >
  <resultMap id="BaseResultMap" type="com.imooc.pojo.Users" >
    <!--
      WARNING - @mbg.generated
    -->
    <id column="id" property="id" jdbcType="VARCHAR" />
    <result column="username" property="username" jdbcType="VARCHAR" />
    <result column="password" property="password" jdbcType="VARCHAR" />
    <result column="face_image" property="faceImage" jdbcType="VARCHAR" />
    <result column="face_image_big" property="faceImageBig" jdbcType="VARCHAR" />
    <result column="nickname" property="nickname" jdbcType="VARCHAR" />
    <result column="qrcode" property="qrcode" jdbcType="VARCHAR" />
    <result column="cid" property="cid" jdbcType="VARCHAR" />
  </resultMap>
</mapper>