<?xml version="1.0" encoding="UTF-8"?>
<!DOCTYPE generatorConfiguration
        PUBLIC "-//mybatis.org//DTD MyBatis Generator Configuration 1.0//EN"
        "http://mybatis.org/dtd/mybatis-generator-config_1_0.dtd">

<generatorConfiguration>
    <context id="MysqlContext" targetRuntime="MyBatis3Simple" defaultModelType="flat">
        <property name="beginningDelimiter" value="`"/>
        <property name="endingDelimiter" value="`"/>

        <plugin type="tk.mybatis.mapper.generator.MapperPlugin">
            <property name="mappers" value="com.imooc.utils.MyMapper"/>
        </plugin>

        <jdbcConnection driverClass="com.mysql.jdbc.Driver"
                        connectionURL="jdbc:mysql://localhost:3306/muxin-dev"
                        userId="root"
                        password="root">
        </jdbcConnection>

        <!-- 对于生成的pojo所在包 -->
        <javaModelGenerator targetPackage="com.imooc.pojo" targetProject="src/main/java"/>

		<!-- 对于生成的mapper所在目录 -->
        <sqlMapGenerator targetPackage="mapper" targetProject="src/main/resources"/>

		<!-- 配置mapper对应的java映射 -->
        <javaClientGenerator targetPackage="com.imooc.mapper" targetProject="src/main/java" type="XMLMAPPER"/>


		<table tableName="users"></table>
		<table tableName="my_friends"></table>
		<table tableName="friends_request"></table>
		<table tableName="chat_msg"></table>
		 
    </context>
</generatorConfiguration>